name,category,price,description
101 Oak Smoked Wild Scottish Smoked Salmon Crostini,1,100,Lorem Ipsum is simply dummy text of the printing and typesetting industry.
102 Spiced Mini Beef Kebabs,1,100,Lorem Ipsum is simply dummy text of the printing and typesetting industry.
103 Homemade Samosas,1,200,Lorem Ipsum is simply dummy text of the printing and typesetting industry.
103 Homemade Samosas,1,200,Lorem Ipsum is simply dummy text of the printing and typesetting industry.
,,,
,,,
,,,
,,,
,,,
,,,
,,,
,,,
,,,
,,,
